{
    "name": "root",
    "gauges": {
        "MoveToBet.Policy.Entropy.mean": {
            "value": 2.3479762077331543,
            "min": 2.1228837966918945,
            "max": 2.4845170974731445,
            "count": 461
        },
        "MoveToBet.Policy.Entropy.sum": {
            "value": 117398.8125,
            "min": 107683.28125,
            "max": 124225.8515625,
            "count": 461
        },
        "MoveToBet.Step.mean": {
            "value": 23049977.0,
            "min": 49993.0,
            "max": 23049977.0,
            "count": 461
        },
        "MoveToBet.Step.sum": {
            "value": 23049977.0,
            "min": 49993.0,
            "max": 23049977.0,
            "count": 461
        },
        "MoveToBet.Policy.ExtrinsicValueEstimate.mean": {
            "value": -28.206918716430664,
            "min": -34.894134521484375,
            "max": -25.67983627319336,
            "count": 461
        },
        "MoveToBet.Policy.ExtrinsicValueEstimate.sum": {
            "value": -25104.158203125,
            "min": -32102.60546875,
            "max": -22700.974609375,
            "count": 461
        },
        "MoveToBet.Environment.EpisodeLength.mean": {
            "value": 263.5833333333333,
            "min": 192.46153846153845,
            "max": 274.8241758241758,
            "count": 461
        },
        "MoveToBet.Environment.EpisodeLength.sum": {
            "value": 50608.0,
            "min": 47410.0,
            "max": 52694.0,
            "count": 461
        },
        "MoveToBet.Environment.CumulativeReward.mean": {
            "value": -89.140625,
            "min": -93.59615384615384,
            "max": -87.72222222222223,
            "count": 461
        },
        "MoveToBet.Environment.CumulativeReward.sum": {
            "value": -17115.0,
            "min": -24335.0,
            "max": -15790.0,
            "count": 461
        },
        "MoveToBet.Policy.ExtrinsicReward.mean": {
            "value": -89.140625,
            "min": -93.59615384615384,
            "max": -87.72222222222223,
            "count": 461
        },
        "MoveToBet.Policy.ExtrinsicReward.sum": {
            "value": -17115.0,
            "min": -24335.0,
            "max": -15790.0,
            "count": 461
        },
        "MoveToBet.Losses.PolicyLoss.mean": {
            "value": 0.02474977023490889,
            "min": 0.019907439402625945,
            "max": 0.040284571641047165,
            "count": 461
        },
        "MoveToBet.Losses.PolicyLoss.sum": {
            "value": 0.09899908093963555,
            "min": 0.07962975761050378,
            "max": 0.20142285820523584,
            "count": 461
        },
        "MoveToBet.Losses.ValueLoss.mean": {
            "value": 43.11007385253906,
            "min": 39.81858647664389,
            "max": 58.15885604858399,
            "count": 461
        },
        "MoveToBet.Losses.ValueLoss.sum": {
            "value": 172.44029541015624,
            "min": 166.34745229085286,
            "max": 290.79428024291997,
            "count": 461
        },
        "MoveToBet.Policy.LearningRate.mean": {
            "value": 0.00016185344804886596,
            "min": 0.00016185344804886596,
            "max": 0.000299844345051885,
            "count": 461
        },
        "MoveToBet.Policy.LearningRate.sum": {
            "value": 0.0006474137921954639,
            "min": 0.0006474137921954639,
            "max": 0.0014978075467308176,
            "count": 461
        },
        "MoveToBet.Policy.Epsilon.mean": {
            "value": 0.153951134,
            "min": 0.153951134,
            "max": 0.19994811499999998,
            "count": 461
        },
        "MoveToBet.Policy.Epsilon.sum": {
            "value": 0.615804536,
            "min": 0.615804536,
            "max": 0.9992691820000003,
            "count": 461
        },
        "MoveToBet.Policy.Beta.mean": {
            "value": 0.0027021615866000006,
            "min": 0.0027021615866000006,
            "max": 0.004997410938500001,
            "count": 461
        },
        "MoveToBet.Policy.Beta.sum": {
            "value": 0.010808646346400002,
            "min": 0.010808646346400002,
            "max": 0.024963532181800002,
            "count": 461
        },
        "MoveToBet.IsTraining.mean": {
            "value": 1.0,
            "min": 1.0,
            "max": 1.0,
            "count": 461
        },
        "MoveToBet.IsTraining.sum": {
            "value": 1.0,
            "min": 1.0,
            "max": 1.0,
            "count": 461
        }
    },
    "metadata": {
        "timer_format_version": "0.1.0",
        "start_time_seconds": "1637705815",
        "python_version": "3.7.0 (v3.7.0:1bf9cc5093, Jun 27 2018, 04:59:51) [MSC v.1914 64 bit (AMD64)]",
        "command_line_arguments": "C:\\Program Files\\Python37\\Scripts\\mlagents-learn config/poker1.yaml --run-id=BetOrNot7 --initialize-from=BetOrNot6",
        "mlagents_version": "0.27.0",
        "mlagents_envs_version": "0.27.0",
        "communication_protocol_version": "1.5.0",
        "pytorch_version": "1.7.1+cu110",
        "numpy_version": "1.19.5",
        "end_time_seconds": "1637749629"
    },
    "total": 43813.865047800005,
    "count": 1,
    "self": 0.00725770001008641,
    "children": {
        "run_training.setup": {
            "total": 0.7764832999999998,
            "count": 1,
            "self": 0.7764832999999998
        },
        "TrainerController.start_learning": {
            "total": 43813.0813068,
            "count": 1,
            "self": 24.852971898137184,
            "children": {
                "TrainerController._reset_env": {
                    "total": 19.7053076,
                    "count": 1,
                    "self": 19.7053076
                },
                "TrainerController.advance": {
                    "total": 43767.37827510186,
                    "count": 923301,
                    "self": 28.64057539649366,
                    "children": {
                        "env_step": {
                            "total": 33325.90283990281,
                            "count": 923301,
                            "self": 28654.389675605657,
                            "children": {
                                "SubprocessEnvManager._take_step": {
                                    "total": 4653.722106400317,
                                    "count": 923301,
                                    "self": 98.21116299839923,
                                    "children": {
                                        "TorchPolicy.evaluate": {
                                            "total": 4555.510943401918,
                                            "count": 923301,
                                            "self": 1922.6732544980368,
                                            "children": {
                                                "TorchPolicy.sample_actions": {
                                                    "total": 2632.837688903881,
                                                    "count": 923301,
                                                    "self": 2632.837688903881
                                                }
                                            }
                                        }
                                    }
                                },
                                "workers": {
                                    "total": 17.791057896838122,
                                    "count": 923300,
                                    "self": 0.0,
                                    "children": {
                                        "worker_root": {
                                            "total": 43759.143118898224,
                                            "count": 923300,
                                            "is_parallel": true,